TicketID,Title,Queue,Status
1000000001,Ticket title  1,Queue 2,closed
1000000002,Ticket title  2,Queue 3,merged
1000000003,Ticket title  3,Queue 4,in progress
1000000004,Ticket title  4,Queue 1,waiting for customer
1000000005,Ticket title  5,Queue 2,action required
1000000006,Ticket title  6,Queue 3,new
1000000007,Ticket title  7,Queue 4,closed
1000000008,Ticket title  8,Queue 1,merged
1000000009,Ticket title  9,Queue 2,in progress
1000000010,Ticket title  10,Queue 3,waiting for customer
1000000011,Ticket title  11,Queue 4,action required
1000000012,Ticket title  12,Queue 1,new
1000000013,Ticket title  13,Queue 2,closed
1000000014,Ticket title  14,Queue 3,merged
1000000015,Ticket title  15,Queue 4,in progress
1000000016,Ticket title  16,Queue 1,waiting for customer
1000000017,Ticket title  17,Queue 2,action required
1000000018,Ticket title  18,Queue 3,new
1000000019,Ticket title  19,Queue 4,closed
1000000020,Ticket title  20,Queue 1,merged
1000000021,Ticket title  21,Queue 2,in progress
1000000022,Ticket title  22,Queue 3,waiting for customer
1000000023,Ticket title  23,Queue 4,action required
1000000024,Ticket title  24,Queue 1,new
1000000025,Ticket title  25,Queue 2,closed
1000000026,Ticket title  26,Queue 3,merged
1000000027,Ticket title  27,Queue 4,in progress
1000000028,Ticket title  28,Queue 1,waiting for customer
1000000029,Ticket title  29,Queue 2,action required
1000000030,Ticket title  30,Queue 3,new
1000000031,Ticket title  31,Queue 4,closed
1000000032,Ticket title  32,Queue 1,merged
1000000033,Ticket title  33,Queue 2,in progress
1000000034,Ticket title  34,Queue 3,waiting for customer
1000000035,Ticket title  35,Queue 4,action required
1000000036,Ticket title  36,Queue 1,new
1000000037,Ticket title  37,Queue 2,closed
1000000038,Ticket title  38,Queue 3,merged
1000000039,Ticket title  39,Queue 4,in progress
1000000040,Ticket title  40,Queue 1,waiting for customer
1000000041,Ticket title  41,Queue 2,action required
1000000042,Ticket title  42,Queue 3,new
1000000043,Ticket title  43,Queue 4,closed
1000000044,Ticket title  44,Queue 1,merged
1000000045,Ticket title  45,Queue 2,in progress
1000000046,Ticket title  46,Queue 3,waiting for customer
1000000047,Ticket title  47,Queue 4,action required
1000000048,Ticket title  48,Queue 1,new
1000000049,Ticket title  49,Queue 2,closed
1000000050,Ticket title  50,Queue 3,merged
1000000051,Ticket title  51,Queue 4,in progress
1000000052,Ticket title  52,Queue 1,waiting for customer
1000000053,Ticket title  53,Queue 2,action required
1000000054,Ticket title  54,Queue 3,new
1000000055,Ticket title  55,Queue 4,closed
1000000056,Ticket title  56,Queue 1,merged
1000000057,Ticket title  57,Queue 2,in progress
1000000058,Ticket title  58,Queue 3,waiting for customer
1000000059,Ticket title  59,Queue 4,action required
1000000060,Ticket title  60,Queue 1,new
1000000061,Ticket title  61,Queue 2,closed
1000000062,Ticket title  62,Queue 3,merged
1000000063,Ticket title  63,Queue 4,in progress
1000000064,Ticket title  64,Queue 1,waiting for customer
1000000065,Ticket title  65,Queue 2,action required
1000000066,Ticket title  66,Queue 3,new
1000000067,Ticket title  67,Queue 4,closed
1000000068,Ticket title  68,Queue 1,merged
1000000069,Ticket title  69,Queue 2,in progress
1000000070,Ticket title  70,Queue 3,waiting for customer
1000000071,Ticket title  71,Queue 4,action required
1000000072,Ticket title  72,Queue 1,new
1000000073,Ticket title  73,Queue 2,closed
1000000074,Ticket title  74,Queue 3,merged
1000000075,Ticket title  75,Queue 4,in progress
1000000076,Ticket title  76,Queue 1,waiting for customer
1000000077,Ticket title  77,Queue 2,action required
1000000078,Ticket title  78,Queue 3,new
1000000079,Ticket title  79,Queue 4,closed
1000000080,Ticket title  80,Queue 1,merged
1000000081,Ticket title  81,Queue 2,in progress
1000000082,Ticket title  82,Queue 3,waiting for customer
1000000083,Ticket title  83,Queue 4,action required
1000000084,Ticket title  84,Queue 1,new
1000000085,Ticket title  85,Queue 2,closed
1000000086,Ticket title  86,Queue 3,merged
1000000087,Ticket title  87,Queue 4,in progress
1000000088,Ticket title  88,Queue 1,waiting for customer
1000000089,Ticket title  89,Queue 2,action required
1000000090,Ticket title  90,Queue 3,new
1000000091,Ticket title  91,Queue 4,closed
1000000092,Ticket title  92,Queue 1,merged
1000000093,Ticket title  93,Queue 2,in progress
1000000094,Ticket title  94,Queue 3,waiting for customer
1000000095,Ticket title  95,Queue 4,action required
1000000096,Ticket title  96,Queue 1,new
1000000097,Ticket title  97,Queue 2,closed
1000000098,Ticket title  98,Queue 3,merged
1000000099,Ticket title  99,Queue 4,in progress
